NAME,CASTE,GENDER,CUTOFF_RANK,BRANCH,TUITION_FEE
AAR MAHAVEER ENGINEERING COLLEGE,OC,MALE,26303,CSE,60000
AAR MAHAVEER ENGINEERING COLLEGE,OC,FEMALE,26303,CSE,60000
AAR MAHAVEER ENGINEERING COLLEGE,BC,MALE,86999,CSE,60000
AAR MAHAVEER ENGINEERING COLLEGE,BC,FEMALE,86999,CSE,60000
AAR MAHAVEER ENGINEERING COLLEGE,SC,MALE,95181,CSE,60000
AAR MAHAVEER ENGINEERING COLLEGE,SC,FEMALE,113074,CSE,60000
AAR MAHAVEER ENGINEERING COLLEGE,ST,MALE,92961,CSE,60000
AAR MAHAVEER ENGINEERING COLLEGE,ST,FEMALE,118607,CSE,60000
AAR MAHAVEER ENGINEERING COLLEGE,EWS,MALE,40634,CSE,60000
AAR MAHAVEER ENGINEERING COLLEGE,EWS,FEMALE,53505,CSE,60000
AAR MAHAVEER ENGINEERING COLLEGE,OC,MALE,40918,CSM,60000
AAR MAHAVEER ENGINEERING COLLEGE,OC,FEMALE,55055,CSM,60000
AAR MAHAVEER ENGINEERING COLLEGE,BC,MALE,108367,CSM,60000
AAR MAHAVEER ENGINEERING COLLEGE,BC,FEMALE,111600,CSM,60000
AAR MAHAVEER ENGINEERING COLLEGE,SC,MALE,125450,CSM,60000
AAR MAHAVEER ENGINEERING COLLEGE,SC,FEMALE,125450,CSM,60000
AAR MAHAVEER ENGINEERING COLLEGE,ST,MALE,123488,CSM,60000
AAR MAHAVEER ENGINEERING COLLEGE,ST,FEMALE,123488,CSM,60000
AAR MAHAVEER ENGINEERING COLLEGE,EWS,MALE,68772,CSM,60000
AAR MAHAVEER ENGINEERING COLLEGE,EWS,FEMALE,76791,CSM,60000
AAR MAHAVEER ENGINEERING COLLEGE,OC,MALE,52680,ECE,60000
AAR MAHAVEER ENGINEERING COLLEGE,OC,FEMALE,97089,ECE,60000
AAR MAHAVEER ENGINEERING COLLEGE,BC,MALE,98439,ECE,60000
AAR MAHAVEER ENGINEERING COLLEGE,BC,FEMALE,98439,ECE,60000
AAR MAHAVEER ENGINEERING COLLEGE,SC,MALE,125323,ECE,60000
AAR MAHAVEER ENGINEERING COLLEGE,SC,FEMALE,125323,ECE,60000
AAR MAHAVEER ENGINEERING COLLEGE,ST,MALE,121767,ECE,60000
AAR MAHAVEER ENGINEERING COLLEGE,ST,FEMALE,124052,ECE,60000
AAR MAHAVEER ENGINEERING COLLEGE,EWS,MALE,85742,ECE,60000
AAR MAHAVEER ENGINEERING COLLEGE,EWS,FEMALE,99034,ECE,60000
AAR MAHAVEER ENGINEERING COLLEGE,OC,MALE,92254,EEE,60000
AAR MAHAVEER ENGINEERING COLLEGE,OC,FEMALE,92254,EEE,60000
AAR MAHAVEER ENGINEERING COLLEGE,BC,MALE,92254,EEE,60000
AAR MAHAVEER ENGINEERING COLLEGE,BC,FEMALE,108123,EEE,60000
AAR MAHAVEER ENGINEERING COLLEGE,SC,MALE,122491,EEE,60000
AAR MAHAVEER ENGINEERING COLLEGE,SC,FEMALE,125623,EEE,60000
AAR MAHAVEER ENGINEERING COLLEGE,ST,MALE,122995,EEE,60000
AAR MAHAVEER ENGINEERING COLLEGE,ST,FEMALE,124052,EEE,60000
AAR MAHAVEER ENGINEERING COLLEGE,EWS,MALE,92254,EEE,60000
AAR MAHAVEER ENGINEERING COLLEGE,EWS,FEMALE,92254,EEE,60000
AAR MAHAVEER ENGINEERING COLLEGE,OC,MALE,118327,MEC,60000
AAR MAHAVEER ENGINEERING COLLEGE,OC,FEMALE,126088,MEC,60000
AAR MAHAVEER ENGINEERING COLLEGE,BC,MALE,118327,MEC,60000
AAR MAHAVEER ENGINEERING COLLEGE,BC,FEMALE,126088,MEC,60000
AAR MAHAVEER ENGINEERING COLLEGE,SC,MALE,126088,MEC,60000
AAR MAHAVEER ENGINEERING COLLEGE,SC,FEMALE,126088,MEC,60000
AAR MAHAVEER ENGINEERING COLLEGE,ST,MALE,118327,MEC,60000
AAR MAHAVEER ENGINEERING COLLEGE,ST,FEMALE,126088,MEC,60000
AAR MAHAVEER ENGINEERING COLLEGE,EWS,MALE,118327,MEC,60000
AAR MAHAVEER ENGINEERING COLLEGE,EWS,FEMALE,126088,MEC,60000
ANURAG ENGINEERING COLLEGE AUTONOMOUS,OC,MALE,68290,CIV,90000
ANURAG ENGINEERING COLLEGE AUTONOMOUS,OC,FEMALE,93230,CIV,90000
ANURAG ENGINEERING COLLEGE AUTONOMOUS,BC,MALE,68290,CIV,90000
ANURAG ENGINEERING COLLEGE AUTONOMOUS,BC,FEMALE,93290,CIV,90000
ANURAG ENGINEERING COLLEGE AUTONOMOUS,SC,MALE,125814,CIV,90000
ANURAG ENGINEERING COLLEGE AUTONOMOUS,SC,FEMALE,125814,CIV,90000
ANURAG ENGINEERING COLLEGE AUTONOMOUS,ST,MALE,125932,CIV,90000
ANURAG ENGINEERING COLLEGE AUTONOMOUS,ST,FEMALE,125932,CIV,90000
ANURAG ENGINEERING COLLEGE AUTONOMOUS,EWS,MALE,68290,CIV,90000
ANURAG ENGINEERING COLLEGE AUTONOMOUS,EWS,FEMALE,93290,CIV,90000
ANURAG ENGINEERING COLLEGE AUTONOMOUS,OC,MALE,31766,CSE,90000
ANURAG ENGINEERING COLLEGE AUTONOMOUS,OC,FEMALE,66894,CSE,90000
ANURAG ENGINEERING COLLEGE AUTONOMOUS,BC,MALE,105402,CSE,90000
ANURAG ENGINEERING COLLEGE AUTONOMOUS,BC,FEMALE,112203,CSE,90000
ANURAG ENGINEERING COLLEGE AUTONOMOUS,SC,MALE,99756,CSE,90000
ANURAG ENGINEERING COLLEGE AUTONOMOUS,SC,FEMALE,99756,CSE,90000
ANURAG ENGINEERING COLLEGE AUTONOMOUS,ST,MALE,102549,CSE,90000
ANURAG ENGINEERING COLLEGE AUTONOMOUS,ST,FEMALE,121894,CSE,90000
ANURAG ENGINEERING COLLEGE AUTONOMOUS,EWS,MALE,57637,CSE,90000
ANURAG ENGINEERING COLLEGE AUTONOMOUS,EWS,FEMALE,799792,CSE,90000
ANURAG ENGINEERING COLLEGE AUTONOMOUS,OC,MALE,57043,CSM,90000
ANURAG ENGINEERING COLLEGE AUTONOMOUS,OC,FEMALE,86632,CSM,90000
ANURAG ENGINEERING COLLEGE AUTONOMOUS,BC,MALE,108158,CSM,90000
ANURAG ENGINEERING COLLEGE AUTONOMOUS,BC,FEMALE,108158,CSM,90000
ANURAG ENGINEERING COLLEGE AUTONOMOUS,SC,MALE,122921,CSM,90000
ANURAG ENGINEERING COLLEGE AUTONOMOUS,SC,FEMALE,122921,CSM,90000
ANURAG ENGINEERING COLLEGE AUTONOMOUS,ST,MALE,119718,CSM,90000
ANURAG ENGINEERING COLLEGE AUTONOMOUS,ST,FEMALE,119718,CSM,90000
ANURAG ENGINEERING COLLEGE AUTONOMOUS,EWS,MALE,60487,CSM,90000
ANURAG ENGINEERING COLLEGE AUTONOMOUS,EWS,FEMALE,86632,CSM,90000
ANURAG ENGINEERING COLLEGE AUTONOMOUS,OC,MALE,57591,ECE,90000
ANURAG ENGINEERING COLLEGE AUTONOMOUS,OC,FEMALE,59054,ECE,90000
ANURAG ENGINEERING COLLEGE AUTONOMOUS,BC,MALE,103331,ECE,90000
ANURAG ENGINEERING COLLEGE AUTONOMOUS,BC,FEMALE,114595,ECE,90000
ANURAG ENGINEERING COLLEGE AUTONOMOUS,SC,MALE,126070,ECE,90000
ANURAG ENGINEERING COLLEGE AUTONOMOUS,SC,FEMALE,126070,ECE,90000
ANURAG ENGINEERING COLLEGE AUTONOMOUS,ST,MALE,93221,ECE,90000
ANURAG ENGINEERING COLLEGE AUTONOMOUS,ST,FEMALE,121330,ECE,90000
ANURAG ENGINEERING COLLEGE AUTONOMOUS,EWS,MALE,89426,ECE,90000
ANURAG ENGINEERING COLLEGE AUTONOMOUS,EWS,FEMALE,102050,ECE,90000
ANURAG ENGINEERING COLLEGE AUTONOMOUS,OC,MALE,86708,EEE,90000
ANURAG ENGINEERING COLLEGE AUTONOMOUS,OC,FEMALE,110535,EEE,90000
ANURAG ENGINEERING COLLEGE AUTONOMOUS,BC,MALE,86708,EEE,90000
ANURAG ENGINEERING COLLEGE AUTONOMOUS,BC,FEMALE,110535,EEE,90000
ANURAG ENGINEERING COLLEGE AUTONOMOUS,SC,MALE,125932,EEE,90000
ANURAG ENGINEERING COLLEGE AUTONOMOUS,SC,FEMALE,125932,EEE,90000
ANURAG ENGINEERING COLLEGE AUTONOMOUS,ST,MALE,86708,EEE,90000
ANURAG ENGINEERING COLLEGE AUTONOMOUS,ST,FEMALE,110535,EEE,90000
ANURAG ENGINEERING COLLEGE AUTONOMOUS,EWS,MALE,86708,EEE,90000
ANURAG ENGINEERING COLLEGE AUTONOMOUS,EWS,FEMALE,110535,EEE,90000
BHARAT INSTITUTE OF ENGG AND TECHNOLOGY,OC,MALE,114575,CIV,89000
BHARAT INSTITUTE OF ENGG AND TECHNOLOGY,OC,FEMALE,114575,CIV,89000
BHARAT INSTITUTE OF ENGG AND TECHNOLOGY,BC,MALE,114575,CIV,89000
BHARAT INSTITUTE OF ENGG AND TECHNOLOGY,BC,FEMALE,114575,CIV,89000
BHARAT INSTITUTE OF ENGG AND TECHNOLOGY,SC,MALE,125212,CIV,89000
BHARAT INSTITUTE OF ENGG AND TECHNOLOGY,SC,FEMALE,125212,CIV,89000
BHARAT INSTITUTE OF ENGG AND TECHNOLOGY,ST,MALE,124878,CIV,89000
BHARAT INSTITUTE OF ENGG AND TECHNOLOGY,ST,FEMALE,124878,CIV,89000
BHARAT INSTITUTE OF ENGG AND TECHNOLOGY,EWS,MALE,114575,CIV,89000
BHARAT INSTITUTE OF ENGG AND TECHNOLOGY,EWS,FEMALE,114575,CIV,89000
BHARAT INSTITUTE OF ENGG AND TECHNOLOGY,OC,MALE,47849,CSC,89000
BHARAT INSTITUTE OF ENGG AND TECHNOLOGY,OC,FEMALE,59262,CSC,89000
BHARAT INSTITUTE OF ENGG AND TECHNOLOGY,BC,MALE,100067,CSC,89000
BHARAT INSTITUTE OF ENGG AND TECHNOLOGY,BC,FEMALE,110565,CSC,89000
BHARAT INSTITUTE OF ENGG AND TECHNOLOGY,SC,MALE,122215,CSC,89000
BHARAT INSTITUTE OF ENGG AND TECHNOLOGY,SC,FEMALE,122215,CSC,89000
BHARAT INSTITUTE OF ENGG AND TECHNOLOGY,ST,MALE,90136,CSC,89000
BHARAT INSTITUTE OF ENGG AND TECHNOLOGY,ST,FEMALE,119720,CSC,89000
BHARAT INSTITUTE OF ENGG AND TECHNOLOGY,EWS,MALE,58231,CSC,89000
BHARAT INSTITUTE OF ENGG AND TECHNOLOGY,EWS,FEMALE,59262,CSC,89000
BHARAT INSTITUTE OF ENGG AND TECHNOLOGY,OC,MALE,54478,CSD,89000
BHARAT INSTITUTE OF ENGG AND TECHNOLOGY,OC,FEMALE,56359,CSD,89000
BHARAT INSTITUTE OF ENGG AND TECHNOLOGY,BC,MALE,97267,CSD,89000
BHARAT INSTITUTE OF ENGG AND TECHNOLOGY,BC,FEMALE,108568,CSD,89000
BHARAT INSTITUTE OF ENGG AND TECHNOLOGY,SC,MALE,115640,CSD,89000
BHARAT INSTITUTE OF ENGG AND TECHNOLOGY,SC,FEMALE,120894,CSD,89000
BHARAT INSTITUTE OF ENGG AND TECHNOLOGY,ST,MALE,86080,CSD,89000
BHARAT INSTITUTE OF ENGG AND TECHNOLOGY,ST,FEMALE,119604,CSD,89000
BHARAT INSTITUTE OF ENGG AND TECHNOLOGY,EWS,MALE,54478,CSD,89000
BHARAT INSTITUTE OF ENGG AND TECHNOLOGY,EWS,FEMALE,58495,CSD,89000
BHARAT INSTITUTE OF ENGG AND TECHNOLOGY,OC,MALE,49668,CSM,89000
BHARAT INSTITUTE OF ENGG AND TECHNOLOGY,OC,FEMALE,55761,CSM,89000
BHARAT INSTITUTE OF ENGG AND TECHNOLOGY,BC,MALE,115082,CSM,89000
BHARAT INSTITUTE OF ENGG AND TECHNOLOGY,BC,FEMALE,115082,CSM,89000
BHARAT INSTITUTE OF ENGG AND TECHNOLOGY,SC,MALE,123948,CSM,89000
BHARAT INSTITUTE OF ENGG AND TECHNOLOGY,SC,FEMALE,124265,CSM,89000
BHARAT INSTITUTE OF ENGG AND TECHNOLOGY,ST,MALE,98990,CSM,89000
BHARAT INSTITUTE OF ENGG AND TECHNOLOGY,ST,FEMALE,124432,CSM,89000
BHARAT INSTITUTE OF ENGG AND TECHNOLOGY,EWS,MALE,54879,CSM,89000
BHARAT INSTITUTE OF ENGG AND TECHNOLOGY,EWS,FEMALE,59791,CSM,89000
BHARAT INSTITUTE OF ENGG AND TECHNOLOGY,OC,MALE,45341,ECE,89000
BHARAT INSTITUTE OF ENGG AND TECHNOLOGY,OC,FEMALE,86033,ECE,89000
BHARAT INSTITUTE OF ENGG AND TECHNOLOGY,BC,MALE,115461,ECE,89000
BHARAT INSTITUTE OF ENGG AND TECHNOLOGY,BC,FEMALE,116897,ECE,89000
BHARAT INSTITUTE OF ENGG AND TECHNOLOGY,SC,MALE,125476,ECE,89000
BHARAT INSTITUTE OF ENGG AND TECHNOLOGY,SC,FEMALE,125476,ECE,89000
BHARAT INSTITUTE OF ENGG AND TECHNOLOGY,ST,MALE,120718,ECE,89000
BHARAT INSTITUTE OF ENGG AND TECHNOLOGY,ST,FEMALE,123678,ECE,89000
BHARAT INSTITUTE OF ENGG AND TECHNOLOGY,EWS,MALE,79650,ECE,89000
BHARAT INSTITUTE OF ENGG AND TECHNOLOGY,EWS,FEMALE,100023,ECE,89000
BHARAT INSTITUTE OF ENGG AND TECHNOLOGY,OC,MALE,86863,EEE,89000
BHARAT INSTITUTE OF ENGG AND TECHNOLOGY,OC,FEMALE,94382,EEE,89000
BHARAT INSTITUTE OF ENGG AND TECHNOLOGY,BC,MALE,125487,EEE,89000
BHARAT INSTITUTE OF ENGG AND TECHNOLOGY,BC,FEMALE,125487,EEE,89000
BHARAT INSTITUTE OF ENGG AND TECHNOLOGY,SC,MALE,119870,EEE,89000
BHARAT INSTITUTE OF ENGG AND TECHNOLOGY,SC,FEMALE,123076,EEE,89000
BHARAT INSTITUTE OF ENGG AND TECHNOLOGY,ST,MALE,112943,EEE,89000
BHARAT INSTITUTE OF ENGG AND TECHNOLOGY,ST,FEMALE,125212,EEE,89000
BHARAT INSTITUTE OF ENGG AND TECHNOLOGY,EWS,MALE,86863,EEE,89000
BHARAT INSTITUTE OF ENGG AND TECHNOLOGY,EWS,FEMALE,94382,EEE,89000
BHARAT INSTITUTE OF ENGG AND TECHNOLOGY,OC,MALE,45710,INF,89000
BHARAT INSTITUTE OF ENGG AND TECHNOLOGY,OC,FEMALE,57736,INF,89000
BHARAT INSTITUTE OF ENGG AND TECHNOLOGY,BC,MALE,115234,INF,89000
BHARAT INSTITUTE OF ENGG AND TECHNOLOGY,BC,FEMALE,115234,INF,89000
BHARAT INSTITUTE OF ENGG AND TECHNOLOGY,SC,MALE,124955,INF,89000
BHARAT INSTITUTE OF ENGG AND TECHNOLOGY,SC,FEMALE,125149,INF,89000
BHARAT INSTITUTE OF ENGG AND TECHNOLOGY,ST,MALE,96633,INF,89000
BHARAT INSTITUTE OF ENGG AND TECHNOLOGY,ST,FEMALE,101830,INF,89000
BHARAT INSTITUTE OF ENGG AND TECHNOLOGY,EWS,MALE,55926,INF,89000
BHARAT INSTITUTE OF ENGG AND TECHNOLOGY,EWS,FEMALE,57895,INF,89000
BHARAT INSTITUTE OF ENGG AND TECHNOLOGY,OC,MALE,80078,MEC,89000
BHARAT INSTITUTE OF ENGG AND TECHNOLOGY,OC,FEMALE,117979,MEC,89000
BHARAT INSTITUTE OF ENGG AND TECHNOLOGY,BC,MALE,80078,MEC,89000
BHARAT INSTITUTE OF ENGG AND TECHNOLOGY,BC,FEMALE,117979,MEC,89000
BHARAT INSTITUTE OF ENGG AND TECHNOLOGY,SC,MALE,125476,MEC,89000
BHARAT INSTITUTE OF ENGG AND TECHNOLOGY,SC,FEMALE,125476,MEC,89000
BHARAT INSTITUTE OF ENGG AND TECHNOLOGY,ST,MALE,119320,MEC,89000
BHARAT INSTITUTE OF ENGG AND TECHNOLOGY,ST,FEMALE,119320,MEC,89000
BHARAT INSTITUTE OF ENGG AND TECHNOLOGY,EWS,MALE,80078,MEC,89000
BHARAT INSTITUTE OF ENGG AND TECHNOLOGY,EWS,FEMALE,117979,MEC,89000
B V RAJU INSTITUTE OF TECHNOLOGY,OC,MALE,11260,AID,135000
B V RAJU INSTITUTE OF TECHNOLOGY,OC,FEMALE,11260,AID,135000
B V RAJU INSTITUTE OF TECHNOLOGY,BC,MALE,34978,AID,135000
B V RAJU INSTITUTE OF TECHNOLOGY,BC,FEMALE,34978,AID,135000
B V RAJU INSTITUTE OF TECHNOLOGY,SC,MALE,40214,AID,135000
B V RAJU INSTITUTE OF TECHNOLOGY,SC,FEMALE,50768,AID,135000
B V RAJU INSTITUTE OF TECHNOLOGY,ST,MALE,29465,AID,135000
B V RAJU INSTITUTE OF TECHNOLOGY,ST,FEMALE,42465,AID,135000
B V RAJU INSTITUTE OF TECHNOLOGY,EWS,MALE,11260,AID,135000
B V RAJU INSTITUTE OF TECHNOLOGY,EWS,FEMALE,12029,AID,135000
B V RAJU INSTITUTE OF TECHNOLOGY,OC,MALE,50783,CIV,135000
B V RAJU INSTITUTE OF TECHNOLOGY,OC,FEMALE,62813,CIV,135000
B V RAJU INSTITUTE OF TECHNOLOGY,BC,MALE,112012,CIV,135000
B V RAJU INSTITUTE OF TECHNOLOGY,BC,FEMALE,112012,CIV,135000
B V RAJU INSTITUTE OF TECHNOLOGY,SC,MALE,122927,CIV,135000
B V RAJU INSTITUTE OF TECHNOLOGY,SC,FEMALE,125544,CIV,135000
B V RAJU INSTITUTE OF TECHNOLOGY,ST,MALE,63743,CIV,135000
B V RAJU INSTITUTE OF TECHNOLOGY,ST,FEMALE,63743,CIV,135000
B V RAJU INSTITUTE OF TECHNOLOGY,EWS,MALE,89239,CIV,135000
B V RAJU INSTITUTE OF TECHNOLOGY,EWS,FEMALE,116991,CIV,135000
B V RAJU INSTITUTE OF TECHNOLOGY,OC,MALE,8233,CSE,135000
B V RAJU INSTITUTE OF TECHNOLOGY,OC,FEMALE,8575,CSE,135000
B V RAJU INSTITUTE OF TECHNOLOGY,BC,MALE,18227,CSE,135000
B V RAJU INSTITUTE OF TECHNOLOGY,BC,FEMALE,24160,CSE,135000
B V RAJU INSTITUTE OF TECHNOLOGY,SC,MALE,30580,CSE,135000
B V RAJU INSTITUTE OF TECHNOLOGY,SC,FEMALE,30580,CSE,135000
B V RAJU INSTITUTE OF TECHNOLOGY,ST,MALE,19046,CSE,135000
B V RAJU INSTITUTE OF TECHNOLOGY,ST,FEMALE,24774,CSE,135000
B V RAJU INSTITUTE OF TECHNOLOGY,EWS,MALE,8542,CSE,135000
B V RAJU INSTITUTE OF TECHNOLOGY,EWS,FEMALE,8575,CSE,135000
B V RAJU INSTITUTE OF TECHNOLOGY,OC,MALE,17755,ECE,135000
B V RAJU INSTITUTE OF TECHNOLOGY,OC,FEMALE,19340,ECE,135000
B V RAJU INSTITUTE OF TECHNOLOGY,BC,MALE,55505,ECE,135000
B V RAJU INSTITUTE OF TECHNOLOGY,BC,FEMALE,66749,ECE,135000
B V RAJU INSTITUTE OF TECHNOLOGY,SC,MALE,68732,ECE,135000
B V RAJU INSTITUTE OF TECHNOLOGY,SC,FEMALE,78104,ECE,135000
B V RAJU INSTITUTE OF TECHNOLOGY,ST,MALE,39412,ECE,135000
B V RAJU INSTITUTE OF TECHNOLOGY,ST,FEMALE,88594,ECE,135000
B V RAJU INSTITUTE OF TECHNOLOGY,EWS,MALE,18591,ECE,135000
B V RAJU INSTITUTE OF TECHNOLOGY,EWS,FEMALE,20349,ECE,135000
B V RAJU INSTITUTE OF TECHNOLOGY,OC,MALE,39154,EEE,135000
B V RAJU INSTITUTE OF TECHNOLOGY,OC,FEMALE,39154,EEE,135000
B V RAJU INSTITUTE OF TECHNOLOGY,BC,MALE,99257,EEE,135000
B V RAJU INSTITUTE OF TECHNOLOGY,BC,FEMALE,99257,EEE,135000
B V RAJU INSTITUTE OF TECHNOLOGY,SC,MALE,116988,EEE,135000
B V RAJU INSTITUTE OF TECHNOLOGY,SC,FEMALE,116988,EEE,135000
B V RAJU INSTITUTE OF TECHNOLOGY,ST,MALE,41217,EEE,135000
B V RAJU INSTITUTE OF TECHNOLOGY,ST,FEMALE,55602,EEE,135000
B V RAJU INSTITUTE OF TECHNOLOGY,EWS,MALE,58899,EEE,135000
B V RAJU INSTITUTE OF TECHNOLOGY,EWS,FEMALE,61942,EEE,135000
B V RAJU INSTITUTE OF TECHNOLOGY,OC,MALE,55364,MEC,135000
B V RAJU INSTITUTE OF TECHNOLOGY,OC,FEMALE,77883,MEC,135000
B V RAJU INSTITUTE OF TECHNOLOGY,BC,MALE,106233,MEC,135000
B V RAJU INSTITUTE OF TECHNOLOGY,BC,FEMALE,117234,MEC,135000
B V RAJU INSTITUTE OF TECHNOLOGY,SC,MALE,124460,MEC,135000
B V RAJU INSTITUTE OF TECHNOLOGY,SC,FEMALE,124460,MEC,135000
B V RAJU INSTITUTE OF TECHNOLOGY,ST,MALE,102039,MEC,135000
B V RAJU INSTITUTE OF TECHNOLOGY,ST,FEMALE,102039,MEC,135000
B V RAJU INSTITUTE OF TECHNOLOGY,EWS,MALE,112658,MEC,135000
B V RAJU INSTITUTE OF TECHNOLOGY,EWS,FEMALE,112658,MEC,135000
CHAITANYA BHARATHI INSTITUTE OF TECHNOLOGY,OC,MALE,4347,AID,140000
CHAITANYA BHARATHI INSTITUTE OF TECHNOLOGY,OC,FEMALE,5296,AID,140000
CHAITANYA BHARATHI INSTITUTE OF TECHNOLOGY,BC,MALE,12455,AID,140000
CHAITANYA BHARATHI INSTITUTE OF TECHNOLOGY,BC,FEMALE,18220,AID,140000
CHAITANYA BHARATHI INSTITUTE OF TECHNOLOGY,SC,MALE,15636,AID,140000
CHAITANYA BHARATHI INSTITUTE OF TECHNOLOGY,SC,FEMALE,24447,AID,140000
CHAITANYA BHARATHI INSTITUTE OF TECHNOLOGY,ST,MALE,13863,AID,140000
CHAITANYA BHARATHI INSTITUTE OF TECHNOLOGY,ST,FEMALE,17495,AID,140000
CHAITANYA BHARATHI INSTITUTE OF TECHNOLOGY,EWS,MALE,4627,AID,140000
CHAITANYA BHARATHI INSTITUTE OF TECHNOLOGY,EWS,FEMALE,5613,AID,140000
CHAITANYA BHARATHI INSTITUTE OF TECHNOLOGY,OC,MALE,3667,AIM,140000
CHAITANYA BHARATHI INSTITUTE OF TECHNOLOGY,OC,FEMALE,4431,AIM,140000
CHAITANYA BHARATHI INSTITUTE OF TECHNOLOGY,BC,MALE,8378,AIM,140000
CHAITANYA BHARATHI INSTITUTE OF TECHNOLOGY,BC,FEMALE,13751,AIM,140000
CHAITANYA BHARATHI INSTITUTE OF TECHNOLOGY,SC,MALE,14243,AIM,140000
CHAITANYA BHARATHI INSTITUTE OF TECHNOLOGY,SC,FEMALE,16669,AIM,140000
CHAITANYA BHARATHI INSTITUTE OF TECHNOLOGY,ST,MALE,14235,AIM,140000
CHAITANYA BHARATHI INSTITUTE OF TECHNOLOGY,ST,FEMALE,19821,AIM,140000
CHAITANYA BHARATHI INSTITUTE OF TECHNOLOGY,EWS,MALE,4252,AIM,140000
CHAITANYA BHARATHI INSTITUTE OF TECHNOLOGY,EWS,FEMALE,4431,AIM,140000
CHAITANYA BHARATHI INSTITUTE OF TECHNOLOGY,OC,MALE,27388,CIV,140000
CHAITANYA BHARATHI INSTITUTE OF TECHNOLOGY,OC,FEMALE,61803,CIV,140000
CHAITANYA BHARATHI INSTITUTE OF TECHNOLOGY,BC,MALE,48750,CIV,140000
CHAITANYA BHARATHI INSTITUTE OF TECHNOLOGY,BC,FEMALE,61803,CIV,140000
CHAITANYA BHARATHI INSTITUTE OF TECHNOLOGY,SC,MALE,56358,CIV,140000
CHAITANYA BHARATHI INSTITUTE OF TECHNOLOGY,SC,FEMALE,61803,CIV,140000
CHAITANYA BHARATHI INSTITUTE OF TECHNOLOGY,ST,MALE,44439,CIV,140000
CHAITANYA BHARATHI INSTITUTE OF TECHNOLOGY,ST,FEMALE,67472,CIV,140000
CHAITANYA BHARATHI INSTITUTE OF TECHNOLOGY,EWS,MALE,73939,CIV,140000
CHAITANYA BHARATHI INSTITUTE OF TECHNOLOGY,EWS,FEMALE,73939,CIV,140000
CHAITANYA BHARATHI INSTITUTE OF TECHNOLOGY,OC,MALE,2135,CSE,140000
CHAITANYA BHARATHI INSTITUTE OF TECHNOLOGY,OC,FEMALE,2219,CSE,140000
CHAITANYA BHARATHI INSTITUTE OF TECHNOLOGY,BC,MALE,3807,CSE,140000
CHAITANYA BHARATHI INSTITUTE OF TECHNOLOGY,BC,FEMALE,4497,CSE,140000
CHAITANYA BHARATHI INSTITUTE OF TECHNOLOGY,SC,MALE,8288,CSE,140000
CHAITANYA BHARATHI INSTITUTE OF TECHNOLOGY,SC,FEMALE,8288,CSE,140000
CHAITANYA BHARATHI INSTITUTE OF TECHNOLOGY,ST,MALE,6650,CSE,140000
CHAITANYA BHARATHI INSTITUTE OF TECHNOLOGY,ST,FEMALE,10771,CSE,140000
CHAITANYA BHARATHI INSTITUTE OF TECHNOLOGY,EWS,MALE,2154,CSE,140000
CHAITANYA BHARATHI INSTITUTE OF TECHNOLOGY,EWS,FEMALE,2304,ECE,140000
CHAITANYA BHARATHI INSTITUTE OF TECHNOLOGY,OC,MALE,6640,ECE,140000
CHAITANYA BHARATHI INSTITUTE OF TECHNOLOGY,OC,FEMALE,7917,ECE,140000
CHAITANYA BHARATHI INSTITUTE OF TECHNOLOGY,BC,MALE,23780,ECE,140000
CHAITANYA BHARATHI INSTITUTE OF TECHNOLOGY,BC,FEMALE,31259,ECE,140000
CHAITANYA BHARATHI INSTITUTE OF TECHNOLOGY,SC,MALE,22922,ECE,140000
CHAITANYA BHARATHI INSTITUTE OF TECHNOLOGY,SC,FEMALE,26393,ECE,140000
CHAITANYA BHARATHI INSTITUTE OF TECHNOLOGY,ST,MALE,19888,ECE,140000
CHAITANYA BHARATHI INSTITUTE OF TECHNOLOGY,ST,FEMALE,25956,ECE,140000
CHAITANYA BHARATHI INSTITUTE OF TECHNOLOGY,EWS,MALE,7736,ECE,140000
CHAITANYA BHARATHI INSTITUTE OF TECHNOLOGY,EWS,FEMALE,10234,ECE,140000
CHAITANYA BHARATHI INSTITUTE OF TECHNOLOGY,OC,MALE,12737,EEE,140000
CHAITANYA BHARATHI INSTITUTE OF TECHNOLOGY,OC,FEMALE,22054,EEE,140000
CHAITANYA BHARATHI INSTITUTE OF TECHNOLOGY,BC,MALE,56520,EEE,140000
CHAITANYA BHARATHI INSTITUTE OF TECHNOLOGY,BC,FEMALE,109351,EEE,140000
CHAITANYA BHARATHI INSTITUTE OF TECHNOLOGY,SC,MALE,38615,EEE,140000
CHAITANYA BHARATHI INSTITUTE OF TECHNOLOGY,SC,FEMALE,40692,EEE,140000
CHAITANYA BHARATHI INSTITUTE OF TECHNOLOGY,ST,MALE,32596,EEE,140000
CHAITANYA BHARATHI INSTITUTE OF TECHNOLOGY,ST,FEMALE,41779,EEE,140000
CHAITANYA BHARATHI INSTITUTE OF TECHNOLOGY,EWS,MALE,20901,EEE,140000
CHAITANYA BHARATHI INSTITUTE OF TECHNOLOGY,EWS,FEMALE,33969,EEE,140000
CHAITANYA BHARATHI INSTITUTE OF TECHNOLOGY,OC,MALE,23903,MEC,140000
CHAITANYA BHARATHI INSTITUTE OF TECHNOLOGY,OC,FEMALE,55623,MEC,140000
CHAITANYA BHARATHI INSTITUTE OF TECHNOLOGY,BC,MALE,78894,MEC,140000
CHAITANYA BHARATHI INSTITUTE OF TECHNOLOGY,BC,FEMALE,88145,MEC,140000
CHAITANYA BHARATHI INSTITUTE OF TECHNOLOGY,SC,MALE,86132,MEC,140000
CHAITANYA BHARATHI INSTITUTE OF TECHNOLOGY,SC,FEMALE,122235,MEC,140000
CHAITANYA BHARATHI INSTITUTE OF TECHNOLOGY,ST,MALE,58487,MEC,140000
CHAITANYA BHARATHI INSTITUTE OF TECHNOLOGY,ST,FEMALE,91673,MEC,140000
CHAITANYA BHARATHI INSTITUTE OF TECHNOLOGY,EWS,MALE,47153,MEC,140000
CHAITANYA BHARATHI INSTITUTE OF TECHNOLOGY,EWS,FEMALE,55623,MEC,140000
CHAITANYA BHARATHI INSTITUTE OF TECHNOLOGY,OC,MALE,2207,CSM,140000
CHAITANYA BHARATHI INSTITUTE OF TECHNOLOGY,OC,FEMALE,2507,CSM,140000
CHAITANYA BHARATHI INSTITUTE OF TECHNOLOGY,BC,MALE,3304,CSM,140000
CHAITANYA BHARATHI INSTITUTE OF TECHNOLOGY,BC,FEMALE,6813,CSM,140000
CHAITANYA BHARATHI INSTITUTE OF TECHNOLOGY,SC,MALE,9918,CSM,140000
CHAITANYA BHARATHI INSTITUTE OF TECHNOLOGY,SC,FEMALE,9918,CSM,140000
CHAITANYA BHARATHI INSTITUTE OF TECHNOLOGY,ST,MALE,7467,CSM,140000
CHAITANYA BHARATHI INSTITUTE OF TECHNOLOGY,ST,FEMALE,13798,CSM,140000
CHAITANYA BHARATHI INSTITUTE OF TECHNOLOGY,EWS,MALE,2207,CSM,140000
CHAITANYA BHARATHI INSTITUTE OF TECHNOLOGY,EWS,FEMALE,2837,CSM,140000
CVR COLLEGE OF ENGINEERING,OC,MALE,42377,CIV,15000
CVR COLLEGE OF ENGINEERING,OC,FEMALE,55452,CIV,15000
CVR COLLEGE OF ENGINEERING,BC,MALE,99665,CIV,15000
CVR COLLEGE OF ENGINEERING,BC,FEMALE,118465,CIV,15000
CVR COLLEGE OF ENGINEERING,SC,MALE,123878,CIV,15000
CVR COLLEGE OF ENGINEERING,SC,FEMALE,124087,CIV,15000
CVR COLLEGE OF ENGINEERING,ST,MALE,80515,CIV,15000
CVR COLLEGE OF ENGINEERING,ST,FEMALE,105009,CIV,15000
CVR COLLEGE OF ENGINEERING,EWS,MALE,96334,CIV,15000
CVR COLLEGE OF ENGINEERING,EWS,FEMALE,96334,CIV,15000
CVR COLLEGE OF ENGINEERING,OC,MALE,6690,CSC,15000
CVR COLLEGE OF ENGINEERING,OC,FEMALE,8354,CSC,15000
CVR COLLEGE OF ENGINEERING,BC,MALE,19735,CSC,15000
CVR COLLEGE OF ENGINEERING,BC,FEMALE,28821,CSC,15000
CVR COLLEGE OF ENGINEERING,SC,MALE,29149,CSC,15000
CVR COLLEGE OF ENGINEERING,SC,FEMALE,34312,CSC,15000
CVR COLLEGE OF ENGINEERING,ST,MALE,23605,CSC,15000
CVR COLLEGE OF ENGINEERING,ST,FEMALE,28910,CSC,15000
CVR COLLEGE OF ENGINEERING,EWS,MALE,7641,CSC,15000
CVR COLLEGE OF ENGINEERING,EWS,FEMALE,9129,CSC,15000
CVR COLLEGE OF ENGINEERING,OC,MALE,4860,CSD,15000
CVR COLLEGE OF ENGINEERING,OC,FEMALE,7788,CSD,15000
CVR COLLEGE OF ENGINEERING,BC,MALE,17127,CSD,15000
CVR COLLEGE OF ENGINEERING,BC,FEMALE,17127,CSD,15000
CVR COLLEGE OF ENGINEERING,SC,MALE,28339,CSD,15000
CVR COLLEGE OF ENGINEERING,SC,FEMALE,28339,CSD,15000
CVR COLLEGE OF ENGINEERING,ST,MALE,20525,CSD,15000
CVR COLLEGE OF ENGINEERING,ST,FEMALE,23730,CSD,15000
CVR COLLEGE OF ENGINEERING,EWS,MALE,6447,CSD,15000
CVR COLLEGE OF ENGINEERING,EWS,FEMALE,8259,CSD,15000
CVR COLLEGE OF ENGINEERING,OC,MALE,5161,CSE,15000
CVR COLLEGE OF ENGINEERING,OC,FEMALE,6038,CSE,15000
CVR COLLEGE OF ENGINEERING,BC,MALE,15216,CSE,15000
CVR COLLEGE OF ENGINEERING,BC,FEMALE,17317,CSE,15000
CVR COLLEGE OF ENGINEERING,SC,MALE,21196,CSE,15000
CVR COLLEGE OF ENGINEERING,SC,FEMALE,26028,CSE,15000
CVR COLLEGE OF ENGINEERING,ST,MALE,16245,CSE,15000
CVR COLLEGE OF ENGINEERING,ST,FEMALE,29151,CSE,15000
CVR COLLEGE OF ENGINEERING,EWS,MALE,5406,CSE,15000
CVR COLLEGE OF ENGINEERING,EWS,FEMALE,6146,CSE,15000
CVR COLLEGE OF ENGINEERING,OC,MALE,5865,CSM,15000
CVR COLLEGE OF ENGINEERING,OC,FEMALE,6120,CSM,15000
CVR COLLEGE OF ENGINEERING,BC,MALE,19215,CSM,15000
CVR COLLEGE OF ENGINEERING,BC,FEMALE,27735,CSM,15000
CVR COLLEGE OF ENGINEERING,SC,MALE,22606,CSM,15000
CVR COLLEGE OF ENGINEERING,SC,FEMALE,30033,CSM,15000
CVR COLLEGE OF ENGINEERING,ST,MALE,19229,CSM,15000
CVR COLLEGE OF ENGINEERING,ST,FEMALE,22662,CSM,15000
CVR COLLEGE OF ENGINEERING,EWS,MALE,6402,CSM,15000
CVR COLLEGE OF ENGINEERING,EWS,FEMALE,6402,CSM,15000
CVR COLLEGE OF ENGINEERING,OC,MALE,23559,EEE,15000
CVR COLLEGE OF ENGINEERING,OC,FEMALE,39911,EEE,15000
CVR COLLEGE OF ENGINEERING,BC,MALE,55170,EEE,15000
CVR COLLEGE OF ENGINEERING,BC,FEMALE,93438,EEE,15000
CVR COLLEGE OF ENGINEERING,SC,MALE,96579,EEE,15000
CVR COLLEGE OF ENGINEERING,SC,FEMALE,119421,EEE,15000
CVR COLLEGE OF ENGINEERING,ST,MALE,65960,EEE,15000
CVR COLLEGE OF ENGINEERING,ST,FEMALE,76779,EEE,15000
CVR COLLEGE OF ENGINEERING,EWS,MALE,35528,EEE,15000
CVR COLLEGE OF ENGINEERING,EWS,FEMALE,39911,EEE,15000
CVR COLLEGE OF ENGINEERING,OC,MALE,47194,EIE,15000
CVR COLLEGE OF ENGINEERING,OC,FEMALE,61249,EIE,15000
CVR COLLEGE OF ENGINEERING,BC,MALE,92212,EIE,15000
CVR COLLEGE OF ENGINEERING,BC,FEMALE,92212,EIE,15000
CVR COLLEGE OF ENGINEERING,SC,MALE,114716,EIE,15000
CVR COLLEGE OF ENGINEERING,SC,FEMALE,114716,EIE,15000
CVR COLLEGE OF ENGINEERING,ST,MALE,98209,EIE,15000
CVR COLLEGE OF ENGINEERING,ST,FEMALE,98209,EIE,15000
CVR COLLEGE OF ENGINEERING,EWS,MALE,61278,EIE,15000
CVR COLLEGE OF ENGINEERING,EWS,FEMALE,61278,EIE,15000
CVR COLLEGE OF ENGINEERING,OC,MALE,47411,MEC,15000
CVR COLLEGE OF ENGINEERING,OC,FEMALE,64015,MEC,15000
CVR COLLEGE OF ENGINEERING,BC,MALE,108155,MEC,15000
CVR COLLEGE OF ENGINEERING,BC,FEMALE,108155,MEC,15000
CVR COLLEGE OF ENGINEERING,SC,MALE,123269,MEC,15000
CVR COLLEGE OF ENGINEERING,SC,FEMALE,124369,MEC,15000
CVR COLLEGE OF ENGINEERING,ST,MALE,114715,MEC,15000
CVR COLLEGE OF ENGINEERING,ST,FEMALE,116321,MEC,15000
CVR COLLEGE OF ENGINEERING,EWS,MALE,77822,MEC,15000
CVR COLLEGE OF ENGINEERING,EWS,FEMALE,77822,MEC,15000
GURUNANAK INST OF TECHNOLOGY,OC,MALE,24941,AID,120000
GURUNANAK INST OF TECHNOLOGY,OC,FEMALE,27804,AID,120000
GURUNANAK INST OF TECHNOLOGY,BC,MALE,61546,AID,120000
GURUNANAK INST OF TECHNOLOGY,BC,FEMALE,95211,AID,120000
GURUNANAK INST OF TECHNOLOGY,SC,MALE,81376,AID,120000
GURUNANAK INST OF TECHNOLOGY,SC,FEMALE,121337,AID,120000
GURUNANAK INST OF TECHNOLOGY,ST,MALE,51817,AID,120000
GURUNANAK INST OF TECHNOLOGY,ST,FEMALE,90392,AID,120000
GURUNANAK INST OF TECHNOLOGY,EWS,MALE,24941,AID,120000
GURUNANAK INST OF TECHNOLOGY,EWS,FEMALE,27804,AID,120000
GURUNANAK INST OF TECHNOLOGY,OC,MALE,101099,CIV,120000
GURUNANAK INST OF TECHNOLOGY,OC,FEMALE,106952,CIV,120000
GURUNANAK INST OF TECHNOLOGY,BC,MALE,118199,CIV,120000
GURUNANAK INST OF TECHNOLOGY,BC,FEMALE,118199,CIV,120000
GURUNANAK INST OF TECHNOLOGY,SC,MALE,124943,CIV,120000
GURUNANAK INST OF TECHNOLOGY,SC,FEMALE,124943,CIV,120000
GURUNANAK INST OF TECHNOLOGY,ST,MALE,124597,CIV,120000
GURUNANAK INST OF TECHNOLOGY,ST,FEMALE,124597,CIV,120000
GURUNANAK INST OF TECHNOLOGY,EWS,MALE,101099,CIV,120000
GURUNANAK INST OF TECHNOLOGY,EWS,FEMALE,106952,CIV,120000
GURUNANAK INST OF TECHNOLOGY,OC,MALE,13503,CSE,120000
GURUNANAK INST OF TECHNOLOGY,OC,FEMALE,16654,CSE,120000
GURUNANAK INST OF TECHNOLOGY,BC,MALE,33483,CSE,120000
GURUNANAK INST OF TECHNOLOGY,BC,FEMALE,46843,CSE,120000
GURUNANAK INST OF TECHNOLOGY,SC,MALE,43637,CSE,120000
GURUNANAK INST OF TECHNOLOGY,SC,FEMALE,60027,CSE,120000
GURUNANAK INST OF TECHNOLOGY,ST,MALE,27011,CSE,120000
GURUNANAK INST OF TECHNOLOGY,ST,FEMALE,53705,CSE,120000
GURUNANAK INST OF TECHNOLOGY,EWS,MALE,15497,CSE,120000
GURUNANAK INST OF TECHNOLOGY,EWS,FEMALE,16654,CSE,120000
GURUNANAK INST OF TECHNOLOGY,OC,MALE,30249,ECE,120000
GURUNANAK INST OF TECHNOLOGY,OC,FEMALE,30249,ECE,120000
GURUNANAK INST OF TECHNOLOGY,BC,MALE,73835,ECE,120000
GURUNANAK INST OF TECHNOLOGY,BC,FEMALE,99545,ECE,120000
GURUNANAK INST OF TECHNOLOGY,SC,MALE,100057,ECE,120000
GURUNANAK INST OF TECHNOLOGY,SC,FEMALE,100057,ECE,120000
GURUNANAK INST OF TECHNOLOGY,ST,MALE,66528,ECE,120000
GURUNANAK INST OF TECHNOLOGY,ST,FEMALE,102646,ECE,120000
GURUNANAK INST OF TECHNOLOGY,EWS,MALE,37881,ECE,120000
GURUNANAK INST OF TECHNOLOGY,EWS,FEMALE,48650,ECE,120000
GURUNANAK INST OF TECHNOLOGY,OC,MALE,65670,EEE,120000
GURUNANAK INST OF TECHNOLOGY,OC,FEMALE,65670,EEE,120000
GURUNANAK INST OF TECHNOLOGY,BC,MALE,113974,EEE,120000
GURUNANAK INST OF TECHNOLOGY,BC,FEMALE,113974,EEE,120000
GURUNANAK INST OF TECHNOLOGY,SC,MALE,123880,EEE,120000
GURUNANAK INST OF TECHNOLOGY,SC,FEMALE,126028,EEE,120000
GURUNANAK INST OF TECHNOLOGY,ST,MALE,89043,EEE,120000
GURUNANAK INST OF TECHNOLOGY,ST,FEMALE,114902,EEE,120000
GURUNANAK INST OF TECHNOLOGY,EWS,MALE,87741,EEE,120000
GURUNANAK INST OF TECHNOLOGY,EWS,FEMALE,113443,EEE,120000
JNTUH UNIVERSITY COLLEGE OF ENGG  HYDERABAD,OC,MALE,2241,CSM,100000
JNTUH UNIVERSITY COLLEGE OF ENGG  HYDERABAD,OC,FEMALE,2859,CSM,100000
JNTUH UNIVERSITY COLLEGE OF ENGG  HYDERABAD,BC,MALE,4285,CSM,100000
JNTUH UNIVERSITY COLLEGE OF ENGG  HYDERABAD,BC,FEMALE,5610,CSM,100000
JNTUH UNIVERSITY COLLEGE OF ENGG  HYDERABAD,SC,MALE,6164,CSM,100000
JNTUH UNIVERSITY COLLEGE OF ENGG  HYDERABAD,SC,FEMALE,8570,CSM,100000
JNTUH UNIVERSITY COLLEGE OF ENGG  HYDERABAD,ST,MALE,7760,CSM,100000
JNTUH UNIVERSITY COLLEGE OF ENGG  HYDERABAD,ST,FEMALE,9846,CSM,100000
JNTUH UNIVERSITY COLLEGE OF ENGG  HYDERABAD,EWS,MALE,2241,CSM,100000
JNTUH UNIVERSITY COLLEGE OF ENGG  HYDERABAD,EWS,FEMALE,3194,CSM,100000
JNTUH UNIVERSITY COLLEGE OF ENGG  HYDERABAD,OC,MALE,20629,CHE,50000
JNTUH UNIVERSITY COLLEGE OF ENGG  HYDERABAD,OC,FEMALE,20629,CHE,50000
JNTUH UNIVERSITY COLLEGE OF ENGG  HYDERABAD,BC,MALE,58091,CHE,50000
JNTUH UNIVERSITY COLLEGE OF ENGG  HYDERABAD,BC,FEMALE,58091,CHE,50000
JNTUH UNIVERSITY COLLEGE OF ENGG  HYDERABAD,SC,MALE,76995,CHE,50000
JNTUH UNIVERSITY COLLEGE OF ENGG  HYDERABAD,SC,FEMALE,91262,CHE,50000
JNTUH UNIVERSITY COLLEGE OF ENGG  HYDERABAD,ST,MALE,53672,CHE,50000
JNTUH UNIVERSITY COLLEGE OF ENGG  HYDERABAD,ST,FEMALE,53672,CHE,50000
JNTUH UNIVERSITY COLLEGE OF ENGG  HYDERABAD,EWS,MALE,33918,CHE,50000
JNTUH UNIVERSITY COLLEGE OF ENGG  HYDERABAD,EWS,FEMALE,33918,CHE,50000
JNTUH UNIVERSITY COLLEGE OF ENGG  HYDERABAD,OC,MALE,12364,CIV,50000
JNTUH UNIVERSITY COLLEGE OF ENGG  HYDERABAD,OC,FEMALE,12364,CIV,50000
JNTUH UNIVERSITY COLLEGE OF ENGG  HYDERABAD,BC,MALE,30926,CIV,50000
JNTUH UNIVERSITY COLLEGE OF ENGG  HYDERABAD,BC,FEMALE,33973,CIV,50000
JNTUH UNIVERSITY COLLEGE OF ENGG  HYDERABAD,SC,MALE,25953,CIV,50000
JNTUH UNIVERSITY COLLEGE OF ENGG  HYDERABAD,SC,FEMALE,30585,CIV,50000
JNTUH UNIVERSITY COLLEGE OF ENGG  HYDERABAD,ST,MALE,21986,CIV,50000
JNTUH UNIVERSITY COLLEGE OF ENGG  HYDERABAD,ST,FEMALE,23702,CIV,50000
JNTUH UNIVERSITY COLLEGE OF ENGG  HYDERABAD,EWS,MALE,27475,CIV,50000
JNTUH UNIVERSITY COLLEGE OF ENGG  HYDERABAD,EWS,FEMALE,27475,CIV,50000
JNTUH UNIVERSITY COLLEGE OF ENGG  HYDERABAD,OC,MALE,1211,CSE,50000
JNTUH UNIVERSITY COLLEGE OF ENGG  HYDERABAD,OC,FEMALE,1685,CSE,50000
JNTUH UNIVERSITY COLLEGE OF ENGG  HYDERABAD,BC,MALE,3107,CSE,50000
JNTUH UNIVERSITY COLLEGE OF ENGG  HYDERABAD,BC,FEMALE,3944,CSE,50000
JNTUH UNIVERSITY COLLEGE OF ENGG  HYDERABAD,SC,MALE,5198,CSE,50000
JNTUH UNIVERSITY COLLEGE OF ENGG  HYDERABAD,SC,FEMALE,5198,CSE,50000
JNTUH UNIVERSITY COLLEGE OF ENGG  HYDERABAD,ST,MALE,3035,CSE,50000
JNTUH UNIVERSITY COLLEGE OF ENGG  HYDERABAD,ST,FEMALE,3978,CSE,50000
JNTUH UNIVERSITY COLLEGE OF ENGG  HYDERABAD,EWS,MALE,1446,CSE,50000
JNTUH UNIVERSITY COLLEGE OF ENGG  HYDERABAD,EWS,FEMALE,2161,CSE,50000
JNTUH UNIVERSITY COLLEGE OF ENGG  HYDERABAD,OC,MALE,8792,EEE,50000
JNTUH UNIVERSITY COLLEGE OF ENGG  HYDERABAD,OC,FEMALE,9502,EEE,50000
JNTUH UNIVERSITY COLLEGE OF ENGG  HYDERABAD,BC,MALE,22873,EEE,50000
JNTUH UNIVERSITY COLLEGE OF ENGG  HYDERABAD,BC,FEMALE,28817,EEE,50000
JNTUH UNIVERSITY COLLEGE OF ENGG  HYDERABAD,SC,MALE,13746,EEE,50000
JNTUH UNIVERSITY COLLEGE OF ENGG  HYDERABAD,SC,FEMALE,25283,EEE,50000
JNTUH UNIVERSITY COLLEGE OF ENGG  HYDERABAD,ST,MALE,10666,EEE,50000
JNTUH UNIVERSITY COLLEGE OF ENGG  HYDERABAD,ST,FEMALE,14468,EEE,50000
JNTUH UNIVERSITY COLLEGE OF ENGG  HYDERABAD,EWS,MALE,10663,EEE,50000
JNTUH UNIVERSITY COLLEGE OF ENGG  HYDERABAD,EWS,FEMALE,10663,EEE,50000
JNTUH UNIVERSITY COLLEGE OF ENGG  HYDERABAD,OC,MALE,3131,ECE,50000
JNTUH UNIVERSITY COLLEGE OF ENGG  HYDERABAD,OC,FEMALE,4485,ECE,50000
JNTUH UNIVERSITY COLLEGE OF ENGG  HYDERABAD,BC,MALE,4912,ECE,50000
JNTUH UNIVERSITY COLLEGE OF ENGG  HYDERABAD,BC,FEMALE,4912,ECE,50000
JNTUH UNIVERSITY COLLEGE OF ENGG  HYDERABAD,SC,MALE,10671,ECE,50000
JNTUH UNIVERSITY COLLEGE OF ENGG  HYDERABAD,SC,FEMALE,10671,ECE,50000
JNTUH UNIVERSITY COLLEGE OF ENGG  HYDERABAD,ST,MALE,14211,ECE,50000
JNTUH UNIVERSITY COLLEGE OF ENGG  HYDERABAD,ST,FEMALE,14211,ECE,50000
JNTUH UNIVERSITY COLLEGE OF ENGG  HYDERABAD,EWS,MALE,4399,ECE,50000
JNTUH UNIVERSITY COLLEGE OF ENGG  HYDERABAD,EWS,FEMALE,4485,ECE,50000
JNTUH UNIVERSITY COLLEGE OF ENGG  HYDERABAD,OC,MALE,16091,MEC,50000
JNTUH UNIVERSITY COLLEGE OF ENGG  HYDERABAD,OC,FEMALE,16091,MEC,50000
JNTUH UNIVERSITY COLLEGE OF ENGG  HYDERABAD,BC,MALE,30078,MEC,50000
JNTUH UNIVERSITY COLLEGE OF ENGG  HYDERABAD,BC,FEMALE,40454,MEC,50000
JNTUH UNIVERSITY COLLEGE OF ENGG  HYDERABAD,SC,MALE,30219,MEC,50000
JNTUH UNIVERSITY COLLEGE OF ENGG  HYDERABAD,SC,FEMALE,48730,MEC,50000
JNTUH UNIVERSITY COLLEGE OF ENGG  HYDERABAD,ST,MALE,26626,MEC,50000
JNTUH UNIVERSITY COLLEGE OF ENGG  HYDERABAD,ST,FEMALE,26626,MEC,50000
JNTUH UNIVERSITY COLLEGE OF ENGG  HYDERABAD,EWS,MALE,17581,MEC,50000
JNTUH UNIVERSITY COLLEGE OF ENGG  HYDERABAD,EWS,FEMALE,22337,MEC,50000
KESHAV MEMORIAL INST OF TECHNOLOGY,OC,MALE,5637,CSD,103000
KESHAV MEMORIAL INST OF TECHNOLOGY,OC,FEMALE,6757,CSD,103000
KESHAV MEMORIAL INST OF TECHNOLOGY,BC,MALE,19571,CSD,103000
KESHAV MEMORIAL INST OF TECHNOLOGY,BC,FEMALE,24192,CSD,103000
KESHAV MEMORIAL INST OF TECHNOLOGY,SC,MALE,31615,CSD,103000
KESHAV MEMORIAL INST OF TECHNOLOGY,SC,FEMALE,31879,CSD,103000
KESHAV MEMORIAL INST OF TECHNOLOGY,ST,MALE,26833,CSD,103000
KESHAV MEMORIAL INST OF TECHNOLOGY,ST,FEMALE,26833,CSD,103000
KESHAV MEMORIAL INST OF TECHNOLOGY,EWS,MALE,6484,CSD,103000
KESHAV MEMORIAL INST OF TECHNOLOGY,EWS,FEMALE,6819,CSD,103000
KESHAV MEMORIAL INST OF TECHNOLOGY,OC,MALE,15545,CSE,103000
KESHAV MEMORIAL INST OF TECHNOLOGY,OC,FEMALE,17537,CSE,103000
KESHAV MEMORIAL INST OF TECHNOLOGY,BC,MALE,45045,CSE,103000
KESHAV MEMORIAL INST OF TECHNOLOGY,BC,FEMALE,65145,CSE,103000
KESHAV MEMORIAL INST OF TECHNOLOGY,SC,MALE,70055,CSE,103000
KESHAV MEMORIAL INST OF TECHNOLOGY,SC,FEMALE,70055,CSE,103000
KESHAV MEMORIAL INST OF TECHNOLOGY,ST,MALE,36165,CSE,103000
KESHAV MEMORIAL INST OF TECHNOLOGY,ST,FEMALE,115409,CSE,103000
KESHAV MEMORIAL INST OF TECHNOLOGY,EWS,MALE,19350,CSE,103000
KESHAV MEMORIAL INST OF TECHNOLOGY,EWS,FEMALE,19350,CSM,103000
KESHAV MEMORIAL INST OF TECHNOLOGY,OC,MALE,18347,CSM,103000
KESHAV MEMORIAL INST OF TECHNOLOGY,OC,FEMALE,19292,CSM,103000
KESHAV MEMORIAL INST OF TECHNOLOGY,BC,MALE,56863,CSM,103000
KESHAV MEMORIAL INST OF TECHNOLOGY,BC,FEMALE,72326,CSM,103000
KESHAV MEMORIAL INST OF TECHNOLOGY,SC,MALE,82183,CSM,103000
KESHAV MEMORIAL INST OF TECHNOLOGY,SC,FEMALE,92151,CSM,103000
KESHAV MEMORIAL INST OF TECHNOLOGY,ST,MALE,67099,CSM,103000
KESHAV MEMORIAL INST OF TECHNOLOGY,ST,FEMALE,119056,CSM,103000
KESHAV MEMORIAL INST OF TECHNOLOGY,EWS,MALE,20944,CSM,103000
KESHAV MEMORIAL INST OF TECHNOLOGY,EWS,FEMALE,20944,CSM,103000
"MALLA REDDY COLLEGE OF ENGG  TECHNOLOGY
(AUTONOMOUS)",OC,MALE,24496,AIM,110000
"MALLA REDDY COLLEGE OF ENGG  TECHNOLOGY
(AUTONOMOUS)",OC,FEMALE,26790,AIM,110000
"MALLA REDDY COLLEGE OF ENGG  TECHNOLOGY
(AUTONOMOUS)",BC,MALE,64520,AIM,110000
"MALLA REDDY COLLEGE OF ENGG  TECHNOLOGY
(AUTONOMOUS)",BC,FEMALE,80177,AIM,110000
"MALLA REDDY COLLEGE OF ENGG  TECHNOLOGY
(AUTONOMOUS)",SC,MALE,78932,AIM,110000
"MALLA REDDY COLLEGE OF ENGG  TECHNOLOGY
(AUTONOMOUS)",SC,FEMALE,114747,AIM,110000
"MALLA REDDY COLLEGE OF ENGG  TECHNOLOGY
(AUTONOMOUS)",ST,MALE,63192,AIM,110000
"MALLA REDDY COLLEGE OF ENGG  TECHNOLOGY
(AUTONOMOUS)",ST,FEMALE,119270,AIM,110000
"MALLA REDDY COLLEGE OF ENGG  TECHNOLOGY
(AUTONOMOUS)",EWS,MALE,30762,AIM,110000
"MALLA REDDY COLLEGE OF ENGG  TECHNOLOGY
(AUTONOMOUS)",EWS,FEMALE,32183,AIM,110000
"MALLA REDDY COLLEGE OF ENGG  TECHNOLOGY
(AUTONOMOUS)",OC,MALE,16324,CSE,110000
"MALLA REDDY COLLEGE OF ENGG  TECHNOLOGY
(AUTONOMOUS)",OC,FEMALE,16509,CSE,110000
"MALLA REDDY COLLEGE OF ENGG  TECHNOLOGY
(AUTONOMOUS)",BC,MALE,37137,CSE,110000
"MALLA REDDY COLLEGE OF ENGG  TECHNOLOGY
(AUTONOMOUS)",BC,FEMALE,40185,CSE,110000
"MALLA REDDY COLLEGE OF ENGG  TECHNOLOGY
(AUTONOMOUS)",SC,MALE,45202,CSE,110000
"MALLA REDDY COLLEGE OF ENGG  TECHNOLOGY
(AUTONOMOUS)",SC,FEMALE,48593,CSE,110000
"MALLA REDDY COLLEGE OF ENGG  TECHNOLOGY
(AUTONOMOUS)",ST,MALE,33181,CSE,110000
"MALLA REDDY COLLEGE OF ENGG  TECHNOLOGY
(AUTONOMOUS)",ST,FEMALE,39648,CSE,110000
"MALLA REDDY COLLEGE OF ENGG  TECHNOLOGY
(AUTONOMOUS)",EWS,MALE,19883,CSE,110000
"MALLA REDDY COLLEGE OF ENGG  TECHNOLOGY
(AUTONOMOUS)",EWS,FEMALE,20191,CSE,110000
"MALLA REDDY COLLEGE OF ENGG  TECHNOLOGY
(AUTONOMOUS)",OC,MALE,41709,ECE,110000
"MALLA REDDY COLLEGE OF ENGG  TECHNOLOGY
(AUTONOMOUS)",OC,FEMALE,41709,ECE,110000
"MALLA REDDY COLLEGE OF ENGG  TECHNOLOGY
(AUTONOMOUS)",BC,MALE,80136,ECE,110000
"MALLA REDDY COLLEGE OF ENGG  TECHNOLOGY
(AUTONOMOUS)",BC,FEMALE,80136,ECE,110000
"MALLA REDDY COLLEGE OF ENGG  TECHNOLOGY
(AUTONOMOUS)",SC,MALE,120501,ECE,110000
"MALLA REDDY COLLEGE OF ENGG  TECHNOLOGY
(AUTONOMOUS)",SC,FEMALE,125850,ECE,110000
"MALLA REDDY COLLEGE OF ENGG  TECHNOLOGY
(AUTONOMOUS)",ST,MALE,78142,ECE,110000
"MALLA REDDY COLLEGE OF ENGG  TECHNOLOGY
(AUTONOMOUS)",ST,FEMALE,78142,ECE,110000
"MALLA REDDY COLLEGE OF ENGG  TECHNOLOGY
(AUTONOMOUS)",EWS,MALE,44165,ECE,110000
"MALLA REDDY COLLEGE OF ENGG  TECHNOLOGY
(AUTONOMOUS)",EWS,FEMALE,46313,ECE,110000
"MALLA REDDY COLLEGE OF ENGG  TECHNOLOGY
(AUTONOMOUS)",OC,MALE,53682,EEE,110000
"MALLA REDDY COLLEGE OF ENGG  TECHNOLOGY
(AUTONOMOUS)",OC,FEMALE,79959,EEE,110000
"MALLA REDDY COLLEGE OF ENGG  TECHNOLOGY
(AUTONOMOUS)",BC,MALE,105975,EEE,110000
"MALLA REDDY COLLEGE OF ENGG  TECHNOLOGY
(AUTONOMOUS)",BC,FEMALE,118464,EEE,110000
"MALLA REDDY COLLEGE OF ENGG  TECHNOLOGY
(AUTONOMOUS)",SC,MALE,119401,EEE,110000
"MALLA REDDY COLLEGE OF ENGG  TECHNOLOGY
(AUTONOMOUS)",SC,FEMALE,119401,EEE,110000
"MALLA REDDY COLLEGE OF ENGG  TECHNOLOGY
(AUTONOMOUS)",ST,MALE,95416,EEE,110000
"MALLA REDDY COLLEGE OF ENGG  TECHNOLOGY
(AUTONOMOUS)",ST,FEMALE,95416,EEE,110000
"MALLA REDDY COLLEGE OF ENGG  TECHNOLOGY
(AUTONOMOUS)",EWS,MALE,102460,EEE,110000
"MALLA REDDY COLLEGE OF ENGG  TECHNOLOGY
(AUTONOMOUS)",EWS,FEMALE,104514,EEE,110000
"MALLA REDDY COLLEGE OF ENGG  TECHNOLOGY
(AUTONOMOUS)",OC,MALE,75974,MEC,110000
"MALLA REDDY COLLEGE OF ENGG  TECHNOLOGY
(AUTONOMOUS)",OC,FEMALE,117501,MEC,110000
"MALLA REDDY COLLEGE OF ENGG  TECHNOLOGY
(AUTONOMOUS)",BC,MALE,105039,MEC,110000
"MALLA REDDY COLLEGE OF ENGG  TECHNOLOGY
(AUTONOMOUS)",BC,FEMALE,117501,MEC,110000
"MALLA REDDY COLLEGE OF ENGG  TECHNOLOGY
(AUTONOMOUS)",SC,MALE,126049,MEC,110000
"MALLA REDDY COLLEGE OF ENGG  TECHNOLOGY
(AUTONOMOUS)",SC,FEMALE,126049,MEC,110000
"MALLA REDDY COLLEGE OF ENGG  TECHNOLOGY
(AUTONOMOUS)",ST,MALE,126007,MEC,110000
"MALLA REDDY COLLEGE OF ENGG  TECHNOLOGY
(AUTONOMOUS)",ST,FEMALE,126007,MEC,110000
"MALLA REDDY COLLEGE OF ENGG  TECHNOLOGY
(AUTONOMOUS)",EWS,MALE,118251,MEC,110000
"MALLA REDDY COLLEGE OF ENGG  TECHNOLOGY
(AUTONOMOUS)",EWS,FEMALE,118251,MEC,110000
O U COLLEGE OF ENGG  HYDERABAD,OC,MALE,13673,CIV,50000
O U COLLEGE OF ENGG  HYDERABAD,OC,FEMALE,13673,CIV,50000
O U COLLEGE OF ENGG  HYDERABAD,BC,MALE,32997,CIV,50000
O U COLLEGE OF ENGG  HYDERABAD,BC,FEMALE,49718,CIV,50000
O U COLLEGE OF ENGG  HYDERABAD,SC,MALE,18808,CIV,50000
O U COLLEGE OF ENGG  HYDERABAD,SC,FEMALE,31843,CIV,50000
O U COLLEGE OF ENGG  HYDERABAD,ST,MALE,19822,CIV,50000
O U COLLEGE OF ENGG  HYDERABAD,ST,FEMALE,28013,CIV,50000
O U COLLEGE OF ENGG  HYDERABAD,EWS,MALE,35442,CIV,50000
O U COLLEGE OF ENGG  HYDERABAD,EWS,FEMALE,44136,CIV,50000
O U COLLEGE OF ENGG  HYDERABAD,OC,MALE,2164,CSE,50000
O U COLLEGE OF ENGG  HYDERABAD,OC,FEMALE,2727,CSE,50000
O U COLLEGE OF ENGG  HYDERABAD,BC,MALE,4184,CSE,50000
O U COLLEGE OF ENGG  HYDERABAD,BC,FEMALE,5824,CSE,50000
O U COLLEGE OF ENGG  HYDERABAD,SC,MALE,6858,CSE,50000
O U COLLEGE OF ENGG  HYDERABAD,SC,FEMALE,6858,CSE,50000
O U COLLEGE OF ENGG  HYDERABAD,ST,MALE,7130,CSE,50000
O U COLLEGE OF ENGG  HYDERABAD,ST,FEMALE,7130,CSE,50000
O U COLLEGE OF ENGG  HYDERABAD,EWS,MALE,2444,CSE,50000
O U COLLEGE OF ENGG  HYDERABAD,EWS,FEMALE,2727,CSE,50000
O U COLLEGE OF ENGG  HYDERABAD,OC,MALE,3801,ECE,50000
O U COLLEGE OF ENGG  HYDERABAD,OC,FEMALE,7444,ECE,50000
O U COLLEGE OF ENGG  HYDERABAD,BC,MALE,12642,ECE,50000
O U COLLEGE OF ENGG  HYDERABAD,BC,FEMALE,12642,ECE,50000
O U COLLEGE OF ENGG  HYDERABAD,SC,MALE,10760,ECE,50000
O U COLLEGE OF ENGG  HYDERABAD,SC,FEMALE,12201,ECE,50000
O U COLLEGE OF ENGG  HYDERABAD,ST,MALE,13054,ECE,50000
O U COLLEGE OF ENGG  HYDERABAD,ST,FEMALE,13054,ECE,50000
O U COLLEGE OF ENGG  HYDERABAD,EWS,MALE,5433,ECE,50000
O U COLLEGE OF ENGG  HYDERABAD,EWS,FEMALE,8092,ECE,50000
O U COLLEGE OF ENGG  HYDERABAD,OC,MALE,4359,EEE,50000
O U COLLEGE OF ENGG  HYDERABAD,OC,FEMALE,5356,EEE,50000
O U COLLEGE OF ENGG  HYDERABAD,BC,MALE,17601,EEE,50000
O U COLLEGE OF ENGG  HYDERABAD,BC,FEMALE,17601,EEE,50000
O U COLLEGE OF ENGG  HYDERABAD,SC,MALE,15540,EEE,50000
O U COLLEGE OF ENGG  HYDERABAD,SC,FEMALE,15540,EEE,50000
O U COLLEGE OF ENGG  HYDERABAD,ST,MALE,18442,EEE,50000
O U COLLEGE OF ENGG  HYDERABAD,ST,FEMALE,18797,EEE,50000
O U COLLEGE OF ENGG  HYDERABAD,EWS,MALE,16046,EEE,50000
O U COLLEGE OF ENGG  HYDERABAD,EWS,FEMALE,16046,EEE,50000
O U COLLEGE OF ENGG  HYDERABAD,OC,MALE,15420,MEC,50000
O U COLLEGE OF ENGG  HYDERABAD,OC,FEMALE,15420,MEC,50000
O U COLLEGE OF ENGG  HYDERABAD,BC,MALE,22212,MEC,50000
O U COLLEGE OF ENGG  HYDERABAD,BC,FEMALE,57510,MEC,50000
O U COLLEGE OF ENGG  HYDERABAD,SC,MALE,30062,MEC,50000
O U COLLEGE OF ENGG  HYDERABAD,SC,FEMALE,56281,MEC,50000
O U COLLEGE OF ENGG  HYDERABAD,ST,MALE,23750,MEC,50000
O U COLLEGE OF ENGG  HYDERABAD,ST,FEMALE,29684,MEC,50000
O U COLLEGE OF ENGG  HYDERABAD,EWS,MALE,33665,MEC,50000
O U COLLEGE OF ENGG  HYDERABAD,EWS,FEMALE,33665,MEC,50000
VASAVI COLLEGE OF ENGINEERING,OC,MALE,34243,CIV,140000
VASAVI COLLEGE OF ENGINEERING,OC,FEMALE,34255,CIV,140000
VASAVI COLLEGE OF ENGINEERING,BC,MALE,106934,CIV,140000
VASAVI COLLEGE OF ENGINEERING,BC,FEMALE,116336,CIV,140000
VASAVI COLLEGE OF ENGINEERING,SC,MALE,81273,CIV,140000
VASAVI COLLEGE OF ENGINEERING,SC,FEMALE,81273,CIV,140000
VASAVI COLLEGE OF ENGINEERING,ST,MALE,49248,CIV,140000
VASAVI COLLEGE OF ENGINEERING,ST,FEMALE,79637,CIV,140000
VASAVI COLLEGE OF ENGINEERING,EWS,MALE,89469,CIV,140000
VASAVI COLLEGE OF ENGINEERING,EWS,FEMALE,89469,CIV,140000
VASAVI COLLEGE OF ENGINEERING,OC,MALE,2675,CSE,140000
VASAVI COLLEGE OF ENGINEERING,OC,FEMALE,2675,CSE,140000
VASAVI COLLEGE OF ENGINEERING,BC,MALE,5471,CSE,140000
VASAVI COLLEGE OF ENGINEERING,BC,FEMALE,6226,CSE,140000
VASAVI COLLEGE OF ENGINEERING,SC,MALE,11389,CSE,140000
VASAVI COLLEGE OF ENGINEERING,SC,FEMALE,11821,CSE,140000
VASAVI COLLEGE OF ENGINEERING,ST,MALE,8269,CSE,140000
VASAVI COLLEGE OF ENGINEERING,ST,FEMALE,18343,CSE,140000
VASAVI COLLEGE OF ENGINEERING,EWS,MALE,2675,CSE,140000
VASAVI COLLEGE OF ENGINEERING,EWS,FEMALE,2682,CSE,140000
VASAVI COLLEGE OF ENGINEERING,OC,MALE,10081,ECE,140000
VASAVI COLLEGE OF ENGINEERING,OC,FEMALE,10419,ECE,140000
VASAVI COLLEGE OF ENGINEERING,BC,MALE,26200,ECE,140000
VASAVI COLLEGE OF ENGINEERING,BC,FEMALE,39800,ECE,140000
VASAVI COLLEGE OF ENGINEERING,SC,MALE,40617,ECE,140000
VASAVI COLLEGE OF ENGINEERING,SC,FEMALE,42795,ECE,140000
VASAVI COLLEGE OF ENGINEERING,ST,MALE,20955,ECE,140000
VASAVI COLLEGE OF ENGINEERING,ST,FEMALE,35209,ECE,140000
VASAVI COLLEGE OF ENGINEERING,EWS,MALE,10326,ECE,140000
VASAVI COLLEGE OF ENGINEERING,EWS,FEMALE,12021,ECE,140000
VASAVI COLLEGE OF ENGINEERING,OC,MALE,17253,EEE,140000
VASAVI COLLEGE OF ENGINEERING,OC,FEMALE,22942,EEE,140000
VASAVI COLLEGE OF ENGINEERING,BC,MALE,52083,EEE,140000
VASAVI COLLEGE OF ENGINEERING,BC,FEMALE,55927,EEE,140000
VASAVI COLLEGE OF ENGINEERING,SC,MALE,67919,EEE,140000
VASAVI COLLEGE OF ENGINEERING,SC,FEMALE,68881,EEE,140000
VASAVI COLLEGE OF ENGINEERING,ST,MALE,33792,EEE,140000
VASAVI COLLEGE OF ENGINEERING,ST,FEMALE,54109,EEE,140000
VASAVI COLLEGE OF ENGINEERING,EWS,MALE,34527,EEE,140000
VASAVI COLLEGE OF ENGINEERING,EWS,FEMALE,34527,EEE,140000
VASAVI COLLEGE OF ENGINEERING,OC,MALE,42788,MEC,140000
VASAVI COLLEGE OF ENGINEERING,OC,FEMALE,51433,MEC,140000
VASAVI COLLEGE OF ENGINEERING,BC,MALE,108727,MEC,140000
VASAVI COLLEGE OF ENGINEERING,BC,FEMALE,112055,MEC,140000
VASAVI COLLEGE OF ENGINEERING,SC,MALE,123569,MEC,140000
VASAVI COLLEGE OF ENGINEERING,SC,FEMALE,123569,MEC,140000
VASAVI COLLEGE OF ENGINEERING,ST,MALE,63925,MEC,140000
VASAVI COLLEGE OF ENGINEERING,ST,FEMALE,73668,MEC,140000
VASAVI COLLEGE OF ENGINEERING,EWS,MALE,65098,MEC,140000
VASAVI COLLEGE OF ENGINEERING,EWS,FEMALE,65350,MEC,140000
